task_id	group	name	alpha	tau_mode	seed	n_train	n_calib	n_eval	hadamard	n_trials	exit_code	command
7	seed_robustness	alpha_0.05_seed_43	0.05	global	43	1270	1240	1270	1	50	python -m NeighborCache.region_local_threshold.cli --data NeighborCache/data/h1h0_final.npz --region_key global_cluster --alpha 0.05 --tau_mode global --n_trials 50 --seed 43 --n_train 1270 --n_calib 1240 --n_eval 1270 --hadamard_preprocess	1
1	smoke	smoke_small_data	0.05	global	42	300	300	300	1	5	python -m NeighborCache.region_local_threshold.cli --data NeighborCache/data/h1h0_final.npz --region_key global_cluster --alpha 0.05 --tau_mode global --n_trials 5 --seed 42 --n_train 300 --n_calib 300 --n_eval 300 --hadamard_preprocess	1
6	seed_robustness	alpha_0.05_seed_42	0.05	global	42	1270	1240	1270	1	50	python -m NeighborCache.region_local_threshold.cli --data NeighborCache/data/h1h0_final.npz --region_key global_cluster --alpha 0.05 --tau_mode global --n_trials 50 --seed 42 --n_train 1270 --n_calib 1240 --n_eval 1270 --hadamard_preprocess	1
8	seed_robustness	alpha_0.05_seed_44	0.05	global	44	1270	1240	1270	1	50	python -m NeighborCache.region_local_threshold.cli --data NeighborCache/data/h1h0_final.npz --region_key global_cluster --alpha 0.05 --tau_mode global --n_trials 50 --seed 44 --n_train 1270 --n_calib 1240 --n_eval 1270 --hadamard_preprocess	1
3	main_alpha_sweep	full_data_alpha_0.03	0.03	global	42	1270	1240	1270	1	50	python -m NeighborCache.region_local_threshold.cli --data NeighborCache/data/h1h0_final.npz --region_key global_cluster --alpha 0.03 --tau_mode global --n_trials 50 --seed 42 --n_train 1270 --n_calib 1240 --n_eval 1270 --hadamard_preprocess	1
4	main_alpha_sweep	full_data_alpha_0.05	0.05	global	42	1270	1240	1270	1	50	python -m NeighborCache.region_local_threshold.cli --data NeighborCache/data/h1h0_final.npz --region_key global_cluster --alpha 0.05 --tau_mode global --n_trials 50 --seed 42 --n_train 1270 --n_calib 1240 --n_eval 1270 --hadamard_preprocess	1
5	main_alpha_sweep	full_data_alpha_0.10	0.10	global	42	1270	1240	1270	1	50	python -m NeighborCache.region_local_threshold.cli --data NeighborCache/data/h1h0_final.npz --region_key global_cluster --alpha 0.10 --tau_mode global --n_trials 50 --seed 42 --n_train 1270 --n_calib 1240 --n_eval 1270 --hadamard_preprocess	1
2	main_alpha_sweep	full_data_alpha_0.01	0.01	global	42	1270	1240	1270	1	50	python -m NeighborCache.region_local_threshold.cli --data NeighborCache/data/h1h0_final.npz --region_key global_cluster --alpha 0.01 --tau_mode global --n_trials 50 --seed 42 --n_train 1270 --n_calib 1240 --n_eval 1270 --hadamard_preprocess	1
16	train_size_ablation	n_train_250_seed_42	0.05	global	42	250	1240	1270	1	50	python -m NeighborCache.region_local_threshold.cli --data NeighborCache/data/h1h0_final.npz --region_key global_cluster --alpha 0.05 --tau_mode global --n_trials 50 --seed 42 --n_train 250 --n_calib 1240 --n_eval 1270 --hadamard_preprocess	1
14	train_size_ablation	n_train_100_seed_45	0.05	global	45	100	1240	1270	1	50	python -m NeighborCache.region_local_threshold.cli --data NeighborCache/data/h1h0_final.npz --region_key global_cluster --alpha 0.05 --tau_mode global --n_trials 50 --seed 45 --n_train 100 --n_calib 1240 --n_eval 1270 --hadamard_preprocess	1
12	train_size_ablation	n_train_100_seed_43	0.05	global	43	100	1240	1270	1	50	python -m NeighborCache.region_local_threshold.cli --data NeighborCache/data/h1h0_final.npz --region_key global_cluster --alpha 0.05 --tau_mode global --n_trials 50 --seed 43 --n_train 100 --n_calib 1240 --n_eval 1270 --hadamard_preprocess	1
11	train_size_ablation	n_train_100_seed_42	0.05	global	42	100	1240	1270	1	50	python -m NeighborCache.region_local_threshold.cli --data NeighborCache/data/h1h0_final.npz --region_key global_cluster --alpha 0.05 --tau_mode global --n_trials 50 --seed 42 --n_train 100 --n_calib 1240 --n_eval 1270 --hadamard_preprocess	1
15	train_size_ablation	n_train_100_seed_46	0.05	global	46	100	1240	1270	1	50	python -m NeighborCache.region_local_threshold.cli --data NeighborCache/data/h1h0_final.npz --region_key global_cluster --alpha 0.05 --tau_mode global --n_trials 50 --seed 46 --n_train 100 --n_calib 1240 --n_eval 1270 --hadamard_preprocess	1
9	seed_robustness	alpha_0.05_seed_45	0.05	global	45	1270	1240	1270	1	50	python -m NeighborCache.region_local_threshold.cli --data NeighborCache/data/h1h0_final.npz --region_key global_cluster --alpha 0.05 --tau_mode global --n_trials 50 --seed 45 --n_train 1270 --n_calib 1240 --n_eval 1270 --hadamard_preprocess	1
10	seed_robustness	alpha_0.05_seed_46	0.05	global	46	1270	1240	1270	1	50	python -m NeighborCache.region_local_threshold.cli --data NeighborCache/data/h1h0_final.npz --region_key global_cluster --alpha 0.05 --tau_mode global --n_trials 50 --seed 46 --n_train 1270 --n_calib 1240 --n_eval 1270 --hadamard_preprocess	1
13	train_size_ablation	n_train_100_seed_44	0.05	global	44	100	1240	1270	1	50	python -m NeighborCache.region_local_threshold.cli --data NeighborCache/data/h1h0_final.npz --region_key global_cluster --alpha 0.05 --tau_mode global --n_trials 50 --seed 44 --n_train 100 --n_calib 1240 --n_eval 1270 --hadamard_preprocess	1
24	train_size_ablation	n_train_500_seed_45	0.05	global	45	500	1240	1270	1	50	python -m NeighborCache.region_local_threshold.cli --data NeighborCache/data/h1h0_final.npz --region_key global_cluster --alpha 0.05 --tau_mode global --n_trials 50 --seed 45 --n_train 500 --n_calib 1240 --n_eval 1270 --hadamard_preprocess	1
19	train_size_ablation	n_train_250_seed_45	0.05	global	45	250	1240	1270	1	50	python -m NeighborCache.region_local_threshold.cli --data NeighborCache/data/h1h0_final.npz --region_key global_cluster --alpha 0.05 --tau_mode global --n_trials 50 --seed 45 --n_train 250 --n_calib 1240 --n_eval 1270 --hadamard_preprocess	1
18	train_size_ablation	n_train_250_seed_44	0.05	global	44	250	1240	1270	1	50	python -m NeighborCache.region_local_threshold.cli --data NeighborCache/data/h1h0_final.npz --region_key global_cluster --alpha 0.05 --tau_mode global --n_trials 50 --seed 44 --n_train 250 --n_calib 1240 --n_eval 1270 --hadamard_preprocess	1
22	train_size_ablation	n_train_500_seed_43	0.05	global	43	500	1240	1270	1	50	python -m NeighborCache.region_local_threshold.cli --data NeighborCache/data/h1h0_final.npz --region_key global_cluster --alpha 0.05 --tau_mode global --n_trials 50 --seed 43 --n_train 500 --n_calib 1240 --n_eval 1270 --hadamard_preprocess	1
17	train_size_ablation	n_train_250_seed_43	0.05	global	43	250	1240	1270	1	50	python -m NeighborCache.region_local_threshold.cli --data NeighborCache/data/h1h0_final.npz --region_key global_cluster --alpha 0.05 --tau_mode global --n_trials 50 --seed 43 --n_train 250 --n_calib 1240 --n_eval 1270 --hadamard_preprocess	1
21	train_size_ablation	n_train_500_seed_42	0.05	global	42	500	1240	1270	1	50	python -m NeighborCache.region_local_threshold.cli --data NeighborCache/data/h1h0_final.npz --region_key global_cluster --alpha 0.05 --tau_mode global --n_trials 50 --seed 42 --n_train 500 --n_calib 1240 --n_eval 1270 --hadamard_preprocess	1
23	train_size_ablation	n_train_500_seed_44	0.05	global	44	500	1240	1270	1	50	python -m NeighborCache.region_local_threshold.cli --data NeighborCache/data/h1h0_final.npz --region_key global_cluster --alpha 0.05 --tau_mode global --n_trials 50 --seed 44 --n_train 500 --n_calib 1240 --n_eval 1270 --hadamard_preprocess	1
20	train_size_ablation	n_train_250_seed_46	0.05	global	46	250	1240	1270	1	50	python -m NeighborCache.region_local_threshold.cli --data NeighborCache/data/h1h0_final.npz --region_key global_cluster --alpha 0.05 --tau_mode global --n_trials 50 --seed 46 --n_train 250 --n_calib 1240 --n_eval 1270 --hadamard_preprocess	1
25	train_size_ablation	n_train_500_seed_46	0.05	global	46	500	1240	1270	1	50	python -m NeighborCache.region_local_threshold.cli --data NeighborCache/data/h1h0_final.npz --region_key global_cluster --alpha 0.05 --tau_mode global --n_trials 50 --seed 46 --n_train 500 --n_calib 1240 --n_eval 1270 --hadamard_preprocess	1
32	train_size_ablation	n_train_1000_seed_43	0.05	global	43	1000	1240	1270	1	50	python -m NeighborCache.region_local_threshold.cli --data NeighborCache/data/h1h0_final.npz --region_key global_cluster --alpha 0.05 --tau_mode global --n_trials 50 --seed 43 --n_train 1000 --n_calib 1240 --n_eval 1270 --hadamard_preprocess	1
26	train_size_ablation	n_train_750_seed_42	0.05	global	42	750	1240	1270	1	50	python -m NeighborCache.region_local_threshold.cli --data NeighborCache/data/h1h0_final.npz --region_key global_cluster --alpha 0.05 --tau_mode global --n_trials 50 --seed 42 --n_train 750 --n_calib 1240 --n_eval 1270 --hadamard_preprocess	1
27	train_size_ablation	n_train_750_seed_43	0.05	global	43	750	1240	1270	1	50	python -m NeighborCache.region_local_threshold.cli --data NeighborCache/data/h1h0_final.npz --region_key global_cluster --alpha 0.05 --tau_mode global --n_trials 50 --seed 43 --n_train 750 --n_calib 1240 --n_eval 1270 --hadamard_preprocess	1
31	train_size_ablation	n_train_1000_seed_42	0.05	global	42	1000	1240	1270	1	50	python -m NeighborCache.region_local_threshold.cli --data NeighborCache/data/h1h0_final.npz --region_key global_cluster --alpha 0.05 --tau_mode global --n_trials 50 --seed 42 --n_train 1000 --n_calib 1240 --n_eval 1270 --hadamard_preprocess	1
30	train_size_ablation	n_train_750_seed_46	0.05	global	46	750	1240	1270	1	50	python -m NeighborCache.region_local_threshold.cli --data NeighborCache/data/h1h0_final.npz --region_key global_cluster --alpha 0.05 --tau_mode global --n_trials 50 --seed 46 --n_train 750 --n_calib 1240 --n_eval 1270 --hadamard_preprocess	1
29	train_size_ablation	n_train_750_seed_45	0.05	global	45	750	1240	1270	1	50	python -m NeighborCache.region_local_threshold.cli --data NeighborCache/data/h1h0_final.npz --region_key global_cluster --alpha 0.05 --tau_mode global --n_trials 50 --seed 45 --n_train 750 --n_calib 1240 --n_eval 1270 --hadamard_preprocess	1
28	train_size_ablation	n_train_750_seed_44	0.05	global	44	750	1240	1270	1	50	python -m NeighborCache.region_local_threshold.cli --data NeighborCache/data/h1h0_final.npz --region_key global_cluster --alpha 0.05 --tau_mode global --n_trials 50 --seed 44 --n_train 750 --n_calib 1240 --n_eval 1270 --hadamard_preprocess	1
38	train_size_ablation	n_train_1270_seed_44	0.05	global	44	1270	1240	1270	1	50	python -m NeighborCache.region_local_threshold.cli --data NeighborCache/data/h1h0_final.npz --region_key global_cluster --alpha 0.05 --tau_mode global --n_trials 50 --seed 44 --n_train 1270 --n_calib 1240 --n_eval 1270 --hadamard_preprocess	1
36	train_size_ablation	n_train_1270_seed_42	0.05	global	42	1270	1240	1270	1	50	python -m NeighborCache.region_local_threshold.cli --data NeighborCache/data/h1h0_final.npz --region_key global_cluster --alpha 0.05 --tau_mode global --n_trials 50 --seed 42 --n_train 1270 --n_calib 1240 --n_eval 1270 --hadamard_preprocess	1
37	train_size_ablation	n_train_1270_seed_43	0.05	global	43	1270	1240	1270	1	50	python -m NeighborCache.region_local_threshold.cli --data NeighborCache/data/h1h0_final.npz --region_key global_cluster --alpha 0.05 --tau_mode global --n_trials 50 --seed 43 --n_train 1270 --n_calib 1240 --n_eval 1270 --hadamard_preprocess	1
39	train_size_ablation	n_train_1270_seed_45	0.05	global	45	1270	1240	1270	1	50	python -m NeighborCache.region_local_threshold.cli --data NeighborCache/data/h1h0_final.npz --region_key global_cluster --alpha 0.05 --tau_mode global --n_trials 50 --seed 45 --n_train 1270 --n_calib 1240 --n_eval 1270 --hadamard_preprocess	1
40	train_size_ablation	n_train_1270_seed_46	0.05	global	46	1270	1240	1270	1	50	python -m NeighborCache.region_local_threshold.cli --data NeighborCache/data/h1h0_final.npz --region_key global_cluster --alpha 0.05 --tau_mode global --n_trials 50 --seed 46 --n_train 1270 --n_calib 1240 --n_eval 1270 --hadamard_preprocess	1
34	train_size_ablation	n_train_1000_seed_45	0.05	global	45	1000	1240	1270	1	50	python -m NeighborCache.region_local_threshold.cli --data NeighborCache/data/h1h0_final.npz --region_key global_cluster --alpha 0.05 --tau_mode global --n_trials 50 --seed 45 --n_train 1000 --n_calib 1240 --n_eval 1270 --hadamard_preprocess	1
33	train_size_ablation	n_train_1000_seed_44	0.05	global	44	1000	1240	1270	1	50	python -m NeighborCache.region_local_threshold.cli --data NeighborCache/data/h1h0_final.npz --region_key global_cluster --alpha 0.05 --tau_mode global --n_trials 50 --seed 44 --n_train 1000 --n_calib 1240 --n_eval 1270 --hadamard_preprocess	1
35	train_size_ablation	n_train_1000_seed_46	0.05	global	46	1000	1240	1270	1	50	python -m NeighborCache.region_local_threshold.cli --data NeighborCache/data/h1h0_final.npz --region_key global_cluster --alpha 0.05 --tau_mode global --n_trials 50 --seed 46 --n_train 1000 --n_calib 1240 --n_eval 1270 --hadamard_preprocess	1
43	calib_size_ablation	n_calib_100_seed_44	0.05	global	44	1270	100	1270	1	50	python -m NeighborCache.region_local_threshold.cli --data NeighborCache/data/h1h0_final.npz --region_key global_cluster --alpha 0.05 --tau_mode global --n_trials 50 --seed 44 --n_train 1270 --n_calib 100 --n_eval 1270 --hadamard_preprocess	1
47	calib_size_ablation	n_calib_250_seed_43	0.05	global	43	1270	250	1270	1	50	python -m NeighborCache.region_local_threshold.cli --data NeighborCache/data/h1h0_final.npz --region_key global_cluster --alpha 0.05 --tau_mode global --n_trials 50 --seed 43 --n_train 1270 --n_calib 250 --n_eval 1270 --hadamard_preprocess	1
48	calib_size_ablation	n_calib_250_seed_44	0.05	global	44	1270	250	1270	1	50	python -m NeighborCache.region_local_threshold.cli --data NeighborCache/data/h1h0_final.npz --region_key global_cluster --alpha 0.05 --tau_mode global --n_trials 50 --seed 44 --n_train 1270 --n_calib 250 --n_eval 1270 --hadamard_preprocess	1
41	calib_size_ablation	n_calib_100_seed_42	0.05	global	42	1270	100	1270	1	50	python -m NeighborCache.region_local_threshold.cli --data NeighborCache/data/h1h0_final.npz --region_key global_cluster --alpha 0.05 --tau_mode global --n_trials 50 --seed 42 --n_train 1270 --n_calib 100 --n_eval 1270 --hadamard_preprocess	1
42	calib_size_ablation	n_calib_100_seed_43	0.05	global	43	1270	100	1270	1	50	python -m NeighborCache.region_local_threshold.cli --data NeighborCache/data/h1h0_final.npz --region_key global_cluster --alpha 0.05 --tau_mode global --n_trials 50 --seed 43 --n_train 1270 --n_calib 100 --n_eval 1270 --hadamard_preprocess	1
46	calib_size_ablation	n_calib_250_seed_42	0.05	global	42	1270	250	1270	1	50	python -m NeighborCache.region_local_threshold.cli --data NeighborCache/data/h1h0_final.npz --region_key global_cluster --alpha 0.05 --tau_mode global --n_trials 50 --seed 42 --n_train 1270 --n_calib 250 --n_eval 1270 --hadamard_preprocess	1
44	calib_size_ablation	n_calib_100_seed_45	0.05	global	45	1270	100	1270	1	50	python -m NeighborCache.region_local_threshold.cli --data NeighborCache/data/h1h0_final.npz --region_key global_cluster --alpha 0.05 --tau_mode global --n_trials 50 --seed 45 --n_train 1270 --n_calib 100 --n_eval 1270 --hadamard_preprocess	1
45	calib_size_ablation	n_calib_100_seed_46	0.05	global	46	1270	100	1270	1	50	python -m NeighborCache.region_local_threshold.cli --data NeighborCache/data/h1h0_final.npz --region_key global_cluster --alpha 0.05 --tau_mode global --n_trials 50 --seed 46 --n_train 1270 --n_calib 100 --n_eval 1270 --hadamard_preprocess	1
50	calib_size_ablation	n_calib_250_seed_46	0.05	global	46	1270	250	1270	1	50	python -m NeighborCache.region_local_threshold.cli --data NeighborCache/data/h1h0_final.npz --region_key global_cluster --alpha 0.05 --tau_mode global --n_trials 50 --seed 46 --n_train 1270 --n_calib 250 --n_eval 1270 --hadamard_preprocess	1
53	calib_size_ablation	n_calib_500_seed_44	0.05	global	44	1270	500	1270	1	50	python -m NeighborCache.region_local_threshold.cli --data NeighborCache/data/h1h0_final.npz --region_key global_cluster --alpha 0.05 --tau_mode global --n_trials 50 --seed 44 --n_train 1270 --n_calib 500 --n_eval 1270 --hadamard_preprocess	1
54	calib_size_ablation	n_calib_500_seed_45	0.05	global	45	1270	500	1270	1	50	python -m NeighborCache.region_local_threshold.cli --data NeighborCache/data/h1h0_final.npz --region_key global_cluster --alpha 0.05 --tau_mode global --n_trials 50 --seed 45 --n_train 1270 --n_calib 500 --n_eval 1270 --hadamard_preprocess	1
55	calib_size_ablation	n_calib_500_seed_46	0.05	global	46	1270	500	1270	1	50	python -m NeighborCache.region_local_threshold.cli --data NeighborCache/data/h1h0_final.npz --region_key global_cluster --alpha 0.05 --tau_mode global --n_trials 50 --seed 46 --n_train 1270 --n_calib 500 --n_eval 1270 --hadamard_preprocess	1
49	calib_size_ablation	n_calib_250_seed_45	0.05	global	45	1270	250	1270	1	50	python -m NeighborCache.region_local_threshold.cli --data NeighborCache/data/h1h0_final.npz --region_key global_cluster --alpha 0.05 --tau_mode global --n_trials 50 --seed 45 --n_train 1270 --n_calib 250 --n_eval 1270 --hadamard_preprocess	1
56	calib_size_ablation	n_calib_750_seed_42	0.05	global	42	1270	750	1270	1	50	python -m NeighborCache.region_local_threshold.cli --data NeighborCache/data/h1h0_final.npz --region_key global_cluster --alpha 0.05 --tau_mode global --n_trials 50 --seed 42 --n_train 1270 --n_calib 750 --n_eval 1270 --hadamard_preprocess	1
52	calib_size_ablation	n_calib_500_seed_43	0.05	global	43	1270	500	1270	1	50	python -m NeighborCache.region_local_threshold.cli --data NeighborCache/data/h1h0_final.npz --region_key global_cluster --alpha 0.05 --tau_mode global --n_trials 50 --seed 43 --n_train 1270 --n_calib 500 --n_eval 1270 --hadamard_preprocess	1
51	calib_size_ablation	n_calib_500_seed_42	0.05	global	42	1270	500	1270	1	50	python -m NeighborCache.region_local_threshold.cli --data NeighborCache/data/h1h0_final.npz --region_key global_cluster --alpha 0.05 --tau_mode global --n_trials 50 --seed 42 --n_train 1270 --n_calib 500 --n_eval 1270 --hadamard_preprocess	1
57	calib_size_ablation	n_calib_750_seed_43	0.05	global	43	1270	750	1270	1	50	python -m NeighborCache.region_local_threshold.cli --data NeighborCache/data/h1h0_final.npz --region_key global_cluster --alpha 0.05 --tau_mode global --n_trials 50 --seed 43 --n_train 1270 --n_calib 750 --n_eval 1270 --hadamard_preprocess	1
63	calib_size_ablation	n_calib_1000_seed_44	0.05	global	44	1270	1000	1270	1	50	python -m NeighborCache.region_local_threshold.cli --data NeighborCache/data/h1h0_final.npz --region_key global_cluster --alpha 0.05 --tau_mode global --n_trials 50 --seed 44 --n_train 1270 --n_calib 1000 --n_eval 1270 --hadamard_preprocess	1
60	calib_size_ablation	n_calib_750_seed_46	0.05	global	46	1270	750	1270	1	50	python -m NeighborCache.region_local_threshold.cli --data NeighborCache/data/h1h0_final.npz --region_key global_cluster --alpha 0.05 --tau_mode global --n_trials 50 --seed 46 --n_train 1270 --n_calib 750 --n_eval 1270 --hadamard_preprocess	1
59	calib_size_ablation	n_calib_750_seed_45	0.05	global	45	1270	750	1270	1	50	python -m NeighborCache.region_local_threshold.cli --data NeighborCache/data/h1h0_final.npz --region_key global_cluster --alpha 0.05 --tau_mode global --n_trials 50 --seed 45 --n_train 1270 --n_calib 750 --n_eval 1270 --hadamard_preprocess	1
64	calib_size_ablation	n_calib_1000_seed_45	0.05	global	45	1270	1000	1270	1	50	python -m NeighborCache.region_local_threshold.cli --data NeighborCache/data/h1h0_final.npz --region_key global_cluster --alpha 0.05 --tau_mode global --n_trials 50 --seed 45 --n_train 1270 --n_calib 1000 --n_eval 1270 --hadamard_preprocess	1
58	calib_size_ablation	n_calib_750_seed_44	0.05	global	44	1270	750	1270	1	50	python -m NeighborCache.region_local_threshold.cli --data NeighborCache/data/h1h0_final.npz --region_key global_cluster --alpha 0.05 --tau_mode global --n_trials 50 --seed 44 --n_train 1270 --n_calib 750 --n_eval 1270 --hadamard_preprocess	1
62	calib_size_ablation	n_calib_1000_seed_43	0.05	global	43	1270	1000	1270	1	50	python -m NeighborCache.region_local_threshold.cli --data NeighborCache/data/h1h0_final.npz --region_key global_cluster --alpha 0.05 --tau_mode global --n_trials 50 --seed 43 --n_train 1270 --n_calib 1000 --n_eval 1270 --hadamard_preprocess	1
61	calib_size_ablation	n_calib_1000_seed_42	0.05	global	42	1270	1000	1270	1	50	python -m NeighborCache.region_local_threshold.cli --data NeighborCache/data/h1h0_final.npz --region_key global_cluster --alpha 0.05 --tau_mode global --n_trials 50 --seed 42 --n_train 1270 --n_calib 1000 --n_eval 1270 --hadamard_preprocess	1
